 format: day,hour,value location:58_125 Start : 20260101 ,,,영등포구
1,0,-8.4,0시,,
1,100,-6.5,1시,,
1,200,-5.4,2시,,
1,300,-4.5,3시,,
1,400,-4.4,4시,,
1,500,-3.5,5시,,
1,600,-3.2,6시,,
1,700,-3.9,7시,,
1,800,-4.6,8시,,
1,900,-5.2,9시,,
1,1000,-5.9,10시,,
1,1100,-7.1,11시,,
1,1200,-7.5,12시,,
1,1300,-7.9,13시,,
1,1400,-8,14시,,
1,1500,-8.4,15시,,
1,1600,-8.9,16시,,
1,1700,-9.3,17시,,
1,1800,-9.8,18시,,
1,1900,-10,19시,,
1,2000,-10,20시,,
1,2100,-10.1,21시,,
1,2200,-10.2,22시,,
1,2300,-10,23시,,
2,0,-8.8,0시,,
2,100,-8.3,1시,,
2,200,-6.3,2시,,
2,300,-5.2,3시,,
2,400,-4.7,4시,,
2,500,-4.6,5시,,
2,600,-5,6시,,
2,700,-4.8,7시,,
2,800,-5.2,8시,,
2,900,-5.7,9시,,
2,1000,-6.3,10시,,
2,1100,-6.6,11시,,
2,1200,-6.8,12시,,
2,1300,-6.9,13시,,
2,1400,-7,14시,,
2,1500,-7.5,15시,,
2,1600,-7.5,16시,,
2,1700,-7.8,17시,,
2,1800,-8.3,18시,,
2,1900,-8.2,19시,,
2,2000,-8.3,20시,,
2,2100,-8.2,21시,,
2,2200,-8.1,22시,,
2,2300,-6.3,23시,,
3,0,-4.9,0시,,
3,100,-2.9,1시,,
3,200,-1.6,2시,,
3,300,-0.1,3시,,
3,400,-0.2,4시,,
3,500,-0.5,5시,,
3,600,-0.8,6시,,
3,700,-0.7,7시,,
3,800,-0.7,8시,,
3,900,-0.8,9시,,
3,1000,-1.2,10시,,
3,1100,-1.4,11시,,
3,1200,-1.2,12시,,
3,1300,-1.4,13시,,
3,1400,-1.9,14시,,
3,1500,-1.8,15시,,
3,1600,-1.4,16시,,
3,1700,-1,17시,,
3,1800,-1.6,18시,,
3,1900,-1.4,19시,,
3,2000,-1.5,20시,,
3,2100,-2,21시,,
3,2200,-2.2,22시,,
3,2300,-1.6,23시,,
4,0,0.7,0시,,
4,100,1,1시,,
4,200,2.2,2시,,
4,300,2.8,3시,,
4,400,4.2,4시,,
4,500,4.2,5시,,
4,600,3.3,6시,,
4,700,2.3,7시,,
4,800,1.5,8시,,
4,900,1.1,9시,,
4,1000,0.9,10시,,
4,1100,0.7,11시,,
4,1200,0.8,12시,,
4,1300,1,13시,,
4,1400,0.5,14시,,
4,1500,0.1,15시,,
4,1600,-0.4,16시,,
4,1700,-0.8,17시,,
4,1800,-1.1,18시,,
4,1900,-1.3,19시,,
4,2000,-1.9,20시,,
4,2100,-2,21시,,
4,2200,-2,22시,,
4,2300,-1.5,23시,,
5,0,-2,0시,,
5,100,-1.3,1시,,
5,200,0,2시,,
5,300,0.1,3시,,
5,400,0.9,4시,,
5,500,1,5시,,
5,600,0.9,6시,,
5,700,0.3,7시,,
5,800,-0.4,8시,,
5,900,-0.8,9시,,
5,1000,-1.5,10시,,
5,1100,-2.4,11시,,
5,1200,-2.8,12시,,
5,1300,-3.2,13시,,
5,1400,-3.5,14시,,
5,1500,-3.6,15시,,
5,1600,-4,16시,,
5,1700,-3.8,17시,,
5,1800,-4.3,18시,,
5,1900,-4.8,19시,,
5,2000,-4.7,20시,,
5,2100,-5.4,21시,,
5,2200,-5.3,22시,,
5,2300,-4,23시,,
6,0,-1.8,0시,,
6,100,-0.4,1시,,
6,200,1.4,2시,,
6,300,2.4,3시,,
6,400,2.9,4시,,
6,500,3.4,5시,,
6,600,3.8,6시,,
6,700,3.2,7시,,
6,800,2.8,8시,,
6,900,2.5,9시,,
6,1000,2.2,10시,,
6,1100,1.9,11시,,
6,1200,1.9,12시,,
6,1300,1.9,13시,,
6,1400,1.8,14시,,
6,1500,1.7,15시,,
6,1600,1.5,16시,,
6,1700,1.6,17시,,
6,1800,1.7,18시,,
6,1900,1.5,19시,,
6,2000,2.2,20시,,
6,2100,2.7,21시,,
6,2200,2.5,22시,,
6,2300,1,23시,,
7,0,0.7,0시,,
7,100,1.2,1시,,
7,200,2.1,2시,,
7,300,1.9,3시,,
7,400,2,4시,,
7,500,1.9,5시,,
7,600,1.4,6시,,
7,700,0.9,7시,,
7,800,-0.2,8시,,
7,900,-1,9시,,
7,1000,-2.5,10시,,
7,1100,-3.1,11시,,
7,1200,-3.5,12시,,
7,1300,-3.6,13시,,
7,1400,-3.9,14시,,
7,1500,-4.2,15시,,
7,1600,-4.5,16시,,
7,1700,-5,17시,,
7,1800,-5.3,18시,,
7,1900,-5.8,19시,,
7,2000,-6.4,20시,,
7,2100,-6.6,21시,,
7,2200,-7.1,22시,,
7,2300,-6.7,23시,,
8,0,-6,0시,,
8,100,-5.1,1시,,
8,200,-4.1,2시,,
8,300,-3.3,3시,,
8,400,-3.2,4시,,
8,500,-2.4,5시,,
8,600,-1,6시,,
8,700,-2,7시,,
8,800,-3.1,8시,,
8,900,-3.4,9시,,
8,1000,-3.6,10시,,
8,1100,-3.7,11시,,
8,1200,-3.9,12시,,
8,1300,-4.3,13시,,
8,1400,-4.5,14시,,
8,1500,-4.5,15시,,
8,1600,-4.6,16시,,
8,1700,-4.4,17시,,
8,1800,-4.5,18시,,
8,1900,-4.7,19시,,
8,2000,-4.6,20시,,
8,2100,-3.9,21시,,
8,2200,-3.2,22시,,
8,2300,-2.5,23시,,
9,0,-1,0시,,
9,100,2,1시,,
9,200,2.4,2시,,
9,300,2.7,3시,,
9,400,3.6,4시,,
9,500,3.9,5시,,
9,600,4.2,6시,,
9,700,4.6,7시,,
9,800,4.8,8시,,
9,900,4.6,9시,,
9,1000,4.5,10시,,
9,1100,4.4,11시,,
9,1200,4.2,12시,,
9,1300,4.6,13시,,
9,1400,4.5,14시,,
9,1500,4.7,15시,,
9,1600,5.2,16시,,
9,1700,5.5,17시,,
9,1800,7.7,18시,,
9,1900,7.9,19시,,
9,2000,7.2,20시,,
9,2100,7.4,21시,,
9,2200,6.1,22시,,
9,2300,5,23시,,
10,0,5.4,0시,,
10,100,5.6,1시,,
10,200,4.7,2시,,
10,300,4.7,3시,,
10,400,3.5,4시,,
10,500,2.6,5시,,
10,600,1.1,6시,,
10,700,0.1,7시,,
10,800,-0.5,8시,,
10,900,-1.3,9시,,
10,1000,-2.5,10시,,
10,1100,-2.8,11시,,
10,1200,-3.2,12시,,
10,1300,-3.7,13시,,
10,1400,-4.1,14시,,
10,1500,-4.6,15시,,
10,1600,-5.1,16,,
10,1700,-5.7,17,,
10,1800,-6.2,18,,
10,1900,-6.7,19,,
10,2000,-7,20,,
10,2100,-7,21,,
10,2200,-7.3,22,,
10,2300,-7.2,23,,
11,0,-6.3,0,,
11,100,-5.8,1,,
11,200,-5.1,2,,
11,300,-4.6,3,,
11,400,-4,4,,
11,500,-4.1,5,,
11,600,-4.2,6,,
11,700,-4.3,7,,
11,800,-4.8,8,,
11,900,-5.3,9,,
11,1000,-5.8,10,,
11,1100,-6.3,11,,
11,1200,-6.8,12,,
11,1300,-7.1,13,,
11,1400,-7.4,14,,
11,1500,-7.5,15,,
11,1600,-7.4,16,,
11,1700,-7.6,17,,
11,1800,-7.9,18,,
11,1900,-7.7,19,,
11,2000,-7.9,20,,
11,2100,-7.5,21,,
11,2200,-7.3,22,,
11,2300,-5.9,23,,
12,0,-4.7,0,,
12,100,-2.7,1,,
12,200,-1.4,2,,
12,300,0.1,3,,
12,400,-0.5,4,,
12,500,0.1,5,,
12,600,0.7,6,,
12,700,0.3,7,,
12,800,0.4,8,,
12,900,0.7,9,,
12,1000,1.4,10,,
12,1100,1.8,11,,
12,1200,2.1,12,,
12,1300,2.1,13,,
12,1400,2.6,14,,
12,1500,2.7,15,,
12,1600,2.7,16,,
12,1700,1.9,17,,
12,1800,0.7,18,,
12,1900,0,19,,
12,2000,-0.7,20,,
12,2100,-1.1,21,,
12,2200,-1.7,22,,
12,2300,-1.8,23,,
13,0,-2.2,0,,
13,100,-1.7,1,,
13,200,-1.1,2,,
13,300,-1.9,3,,
13,400,-1,4,,
13,500,-1.6,5,,
13,600,-1.9,6,,
13,700,-2.5,7,,
13,800,-3.3,8,,
13,900,-4.1,9,,
13,1000,-4.5,10,,
13,1100,-5,11,,
13,1200,-5.7,12,,
13,1300,-5.9,13,,
13,1400,-6.3,14,,
13,1500,-6.4,15,,
13,1600,-6.3,16,,
13,1700,-6.4,17,,
13,1800,-6.7,18,,
13,1900,-7.1,19,,
13,2000,-7.1,20,,
13,2100,-6.9,21,,
13,2200,-6.5,22,,
13,2300,-6.1,23,,
14,0,-4.7,0,,
14,100,-2.6,1,,
14,200,-1.3,2,,
14,300,-0.9,3,,
14,400,0.5,4,,
14,500,0.8,5,,
14,600,1.1,6,,
14,700,0.6,7,,
14,800,0.7,8,,
14,900,0.9,9,,
14,1000,0.8,10,,
14,1100,0.9,11,,
14,1200,1.1,12,,
14,1300,1.2,13,,
14,1400,1.8,14,,
14,1500,2.3,15,,
14,1600,2.4,16,,
14,1700,2.7,17,,
14,1800,2.9,18,,
14,1900,3.1,19,,
14,2000,3.3,20,,
14,2100,3.6,21,,
14,2200,4,22,,
14,2300,4.7,23,,
15,0,7.6,0,,
15,100,8.2,1,,
15,200,8.6,2,,
15,300,8.9,3,,
15,400,9,4,,
15,500,9.4,5,,
15,600,8.7,6,,
15,700,7.3,7,,
15,800,5.9,8,,
15,900,5.1,9,,
15,1000,4.3,10,,
15,1100,3.8,11,,
15,1200,3.1,12,,
15,1300,2.8,13,,
15,1400,2.5,14,,
15,1500,1.6,15,,
15,1600,1.3,16,,
15,1700,1.1,17,,
15,1800,1,18,,
15,1900,1.2,19,,
15,2000,1.1,20,,
15,2100,0.8,21,,
15,2200,1,22,,
15,2300,0.9,23,,
16,0,1.2,0,,
16,100,2.2,1,,
16,200,4.2,2,,
16,300,6.3,3,,
16,400,8.7,4,,
16,500,9.9,5,,
16,600,10.6,6,,
16,700,9.8,7,,
16,800,5.5,8,,
16,900,3.9,9,,
16,1000,3.9,10,,
16,1100,4,11,,
16,1200,4.5,12,,
16,1300,3.8,13,,
16,1400,3.4,14,,
16,1500,3.2,15,,
16,1600,2.6,16,,
16,1700,1.7,17,,
16,1800,0.3,18,,
16,1900,-0.3,19,,
16,2000,-0.8,20,,
16,2100,-1.5,21,,
16,2200,-2,22,,
16,2300,-2.2,23,,
17,0,-1.7,0,,
17,100,-0.8,1,,
17,200,1.6,2,,
17,300,2.9,3,,
17,400,3.7,4,,
17,500,2.9,5,,
17,600,3.1,6,,
17,700,2.8,7,,
17,800,1.5,8,,
17,900,1.2,9,,
17,1000,0.4,10,,
17,1100,0.2,11,,
17,1200,-0.2,12,,
17,1300,-0.4,13,,
17,1400,-0.7,14,,
17,1500,-1,15,,
17,1600,-1.3,16,,
17,1700,-1.5,17,,
17,1800,-1.5,18,,
17,1900,-1.5,19,,
17,2000,-1.2,20,,
17,2100,-0.7,21,,
17,2200,-0.4,22,,
17,2300,-0.8,23,,
18,0,-0.7,0,,
18,100,0.3,1,,
18,200,0.5,2,,
18,300,1.3,3,,
18,400,3.2,4,,
18,500,3.2,5,,
18,600,3.2,6,,
18,700,3.4,7,,
18,800,2.8,8,,
18,900,3.1,9,,
18,1000,3.4,10,,
18,1100,3.2,11,,
18,1200,3.3,12,,
18,1300,2.4,13,,
18,1400,1.6,14,,
18,1500,1.1,15,,
18,1600,0.8,16,,
18,1700,0,17,,
18,1800,-0.6,18,,
18,1900,-1.5,19,,
18,2000,-1.9,20,,
18,2100,-1.6,21,,
18,2200,-1.8,22,,
18,2300,-1.9,23,,
19,0,-1.8,0,,
19,100,-1.8,1,,
19,200,-2.1,2,,
19,300,-2.1,3,,
19,400,-2.4,4,,
19,500,-2.5,5,,
19,600,-2.7,6,,
19,700,-3.8,7,,
19,800,-4.7,8,,
19,900,-6.1,9,,
19,1000,-7.4,10,,
19,1100,-8,11,,
19,1200,-8.3,12,,
19,1300,-9,13,,
19,1400,-9.1,14,,
19,1500,-9.4,15,,
19,1600,-9.4,16,,
19,1700,-9.5,17,,
19,1800,-9.8,18,,
19,1900,-10.1,19,,
19,2000,-10.5,20,,
19,2100,-10.8,21,,
19,2200,-11.1,22,,
19,2300,-10.8,23,,
20,0,-10.2,0,,
20,100,-8.6,1,,
20,200,-8.6,2,,
20,300,-7.2,3,,
20,400,-6,4,,
20,500,-4.7,5,,
20,600,-5.1,6,,
20,700,-5.4,7,,
20,800,-6.1,8,,
20,900,-6.4,9,,
20,1000,-6.5,10,,
20,1100,-6.9,11,,
20,1200,-7.3,12,,
20,1300,-7.9,13,,
20,1400,-8.5,14,,
20,1500,-9,15,,
20,1600,-9.5,16,,
20,1700,-9.7,17,,
20,1800,-10,18,,
20,1900,-10.1,19,,
20,2000,-10.3,20,,
20,2100,-10.5,21,,
20,2200,-10.5,22,,
20,2300,-10.6,23,,
21,0,-9.8,0,,
21,100,-9,1,,
21,200,-8,2,,
21,300,-7.2,3,,
21,400,-6.2,4,,
21,500,-5.9,5,,
21,600,-5.5,6,,
21,700,-5.7,7,,
21,800,-6.6,8,,
21,900,-7.3,9,,
21,1000,-7.9,10,,
21,1100,-9.1,11,,
21,1200,-10,12,,
21,1300,-10.6,13,,
21,1400,-10.9,14,,
21,1500,-10.9,15,,
21,1600,-10.8,16,,
21,1700,-11,17,,
21,1800,-11.3,18,,
21,1900,-11.6,19,,
21,2000,-11.8,20,,
21,2100,-11.9,21,,
21,2200,-11.9,22,,
21,2300,-11.6,23,,
22,0,-10.6,0,,
22,100,-9.3,1,,
22,200,-7.8,2,,
22,300,-6.8,3,,
22,400,-5.5,4,,
22,500,-5.5,5,,
22,600,-4.6,6,,
22,700,-4.9,7,,
22,800,-5.5,8,,
22,900,-5.5,9,,
22,1000,-5.8,10,,
22,1100,-5.7,11,,
22,1200,-6.7,12,,
22,1300,-7.4,13,,
22,1400,-7.6,14,,
22,1500,-7.9,15,,
22,1600,-8.1,16,,
22,1700,-8.4,17,,
22,1800,-8.5,18,,
22,1900,-8.7,19,,
22,2000,-8.7,20,,
22,2100,-8.2,21,,
22,2200,-8.7,22,,
22,2300,-7.7,23,,
23,0,-6.1,0,,
23,100,-4.8,1,,
23,200,-3.8,2,,
23,300,-2.3,3,,
23,400,-1,4,,
23,500,-0.3,5,,
23,600,-0.4,6,,
23,700,-1.3,7,,
23,800,-1.5,8,,
23,900,-1.5,9,,
23,1000,-1.5,10,,
23,1100,-2,11,,
23,1200,-2.8,12,,
23,1300,-2.4,13,,
23,1400,-2.3,14,,
23,1500,-2.3,15,,
23,1600,-3.9,16,,
23,1700,-5.2,17,,
23,1800,-5.7,18,,
23,1900,-6.2,19,,
23,2000,-6.6,20,,
23,2100,-7.3,21,,
23,2200,-7.5,22,,
23,2300,-7.4,23,,
24,0,-6.8,0,,
24,100,-6.4,1,,
24,200,-4.7,2,,
24,300,-3.8,3,,
24,400,-3.1,4,,
24,500,-2.7,5,,
24,600,-2.1,6,,
24,700,-2.7,7,,
24,800,-3.4,8,,
24,900,-3.6,9,,
24,1000,-3.8,10,,
24,1100,-3.6,11,,
24,1200,-4,12,,
24,1300,-4.7,13,,
24,1400,-5.3,14,,
24,1500,-5.6,15,,
24,1600,-5.9,16,,
24,1700,-6,17,,
24,1800,-6.7,18,,
24,1900,-6.9,19,,
24,2000,-6.6,20,,
24,2100,-7.3,21,,
24,2200,-7.6,22,,
24,2300,-7.3,23,,
25,0,-6.7,0,,
25,100,-6,1,,
25,200,-4.7,2,,
25,300,-4.2,3,,
25,400,-2.8,4,,
25,500,-2.7,5,,
25,600,-2.9,6,,
25,700,-3.5,7,,
25,800,-4.1,8,,
25,900,-4.6,9,,
25,1000,-4.8,10,,
25,1100,-4.9,11,,
25,1200,-5,12,,
25,1300,-5.2,13,,
25,1400,-5.7,14,,
25,1500,-6,15,,
25,1600,-6.4,16,,
25,1700,-6.4,17,,
25,1800,-6.7,18,,
25,1900,-6.6,19,,
25,2000,-6,20,,
25,2100,-6.7,21,,
25,2200,-6.4,22,,
25,2300,-5.6,23,,
26,0,-4.8,0,,
26,100,-4.3,1,,
26,200,-3.3,2,,
26,300,-2.7,3,,
26,400,-1.4,4,,
26,500,-0.9,5,,
26,600,-0.3,6,,
26,700,-0.9,7,,
26,800,-1.5,8,,
26,900,-1.8,9,,
26,1000,-2.3,10,,
26,1100,-2.5,11,,
26,1200,-2.9,12,,
26,1300,-2.8,13,,
26,1400,-2.3,14,,
26,1500,-2,15,,
26,1600,-3,16,,
26,1700,-4,17,,
26,1800,-4.5,18,,
26,1900,-4.7,19,,
26,2000,-4.7,20,,
26,2100,-4.9,21,,
26,2200,-5.3,22,,
26,2300,-5.3,23,,
27,0,-5,0,,
27,100,-3.9,1,,
27,200,-2.6,2,,
27,300,-2.1,3,,
27,400,-1.5,4,,
27,500,-0.7,5,,
27,600,-0.8,6,,
27,700,-1.1,7,,
27,800,-2.2,8,,
27,900,-2.9,9,,
27,1000,-3,10,,
27,1100,-4.5,11,,
27,1200,-5.6,12,,
27,1300,-6.3,13,,
27,1400,-6.4,14,,
27,1500,-6.7,15,,
27,1600,-6.6,16,,
27,1700,-6.9,17,,
27,1800,-6.9,18,,
27,1900,-7,19,,
27,2000,-7.2,20,,
27,2100,-7.3,21,,
27,2200,-7.5,22,,
27,2300,-6.8,23,,
28,0,-5.8,0,,
28,100,-5.1,1,,
28,200,-4.4,2,,
28,300,-2.6,3,,
28,400,-2.8,4,,
28,500,-1.5,5,,
28,600,-1.6,6,,
28,700,-1.5,7,,
28,800,-2.1,8,,
28,900,-2.5,9,,
28,1000,-3.1,10,,
28,1100,-3.2,11,,
28,1200,-3.3,12,,
28,1300,-3.5,13,,
28,1400,-3.9,14,,
28,1500,-4.8,15,,
28,1600,-5.6,16,,
28,1700,-5.9,17,,
28,1800,-6.1,18,,
28,1900,-6.3,19,,
28,2000,-6.7,20,,
28,2100,-6.9,21,,
28,2200,-6.6,22,,
28,2300,-5.4,23,,
29,0,-3.6,0,,
29,100,-3,1,,
29,200,-2.6,2,,
29,300,-1.7,3,,
29,400,-0.7,4,,
29,500,-1,5,,
29,600,-0.6,6,,
29,700,-1,7,,
29,800,-2.4,8,,
29,900,-2.6,9,,
29,1000,-3.1,10,,
29,1100,-4.5,11,,
29,1200,-6.1,12,,
29,1300,-6.2,13,,
29,1400,-6.3,14,,
29,1500,-6.8,15,,
29,1600,-7,16,,
29,1700,-7.2,17,,
29,1800,-7.1,18,,
29,1900,-7.2,19,,
29,2000,-7.6,20,,
29,2100,-7.9,21,,
29,2200,-8.1,22,,
29,2300,-7.9,23,,
30,0,-7.1,0,,
30,100,-5.7,1,,
30,200,-5.9,2,,
30,300,-4.8,3,,
30,400,-3.5,4,,
30,500,-2.5,5,,
30,600,-3,6,,
30,700,-2.6,7,,
30,800,-3.7,8,,
30,900,-4.1,9,,
30,1000,-4.6,10,,
30,1100,-4.6,11,,
30,1200,-4.8,12,,
30,1300,-5.3,13,,
30,1400,-5.8,14,,
30,1500,-6.1,15,,
30,1600,-6.4,16,,
30,1700,-6.7,17,,
30,1800,-6.8,18,,
30,1900,-6.8,19,,
30,2000,-7.1,20,,
30,2100,-7.9,21,,
30,2200,-7.7,22,,
30,2300,-6.5,23,,
31,0,-4.8,0,,
31,100,-3.8,1,,
31,200,-1.6,2,,
31,300,-0.8,3,,
31,400,0.4,4,,
31,500,0.6,5,,
31,600,0.5,6,,
31,700,-0.2,7,,
31,800,-1.3,8,,
31,900,-2.1,9,,
31,1000,-2,10,,
31,1100,-1.9,11,,
31,1200,-1.7,12,,
31,1300,-1.4,13,,
31,1400,-1.3,14,,
31,1500,-1.9,15,,
31,1600,-2.2,16,,
31,1700,-2.8,17,,
31,1800,-3.8,18,,
31,1900,-4.3,19,,
31,2000,-4.7,20,,
31,2100,-4.8,21,,
31,2200,-5,22,,
31,2300,-4.1,23,,
 Start : 20260201 ,,,0,,
1,0,-2.5,0,,
1,100,-1.3,1,,
1,200,0.1,2,,
1,300,0.3,3,,
1,400,1.2,4,,
1,500,0.7,5,,
1,600,1.2,6,,
1,700,0.5,7,,
1,800,-0.4,8,,
1,900,-0.4,9,,
1,1000,-0.4,10,,
1,1100,-0.4,11,,
1,1200,-0.6,12,,
1,1300,-0.6,13,,
1,1400,-0.5,14,,
1,1500,-1.3,15,,
1,1600,-2.2,16,,
1,1700,-1.8,17,,
1,1800,-1.8,18,,
1,1900,-2.1,19,,
1,2000,-2.5,20,,
1,2100,-3.1,21,,
1,2200,-3.3,22,,
1,2300,-3.4,23,,
2,0,-2.8,0,,
2,100,-2.2,1,,
2,200,-1.1,2,,
2,300,-0.5,3,,
2,400,-0.8,4,,
2,500,-0.1,5,,
2,600,0.6,6,,
2,700,0,7,,
2,800,-0.8,8,,
2,900,-1.4,9,,
2,1000,-1.7,10,,
2,1100,-1.7,11,,
2,1200,-2.1,12,,
2,1300,-2.5,13,,
2,1400,-2.8,14,,
2,1500,-3.3,15,,
2,1600,-3.8,16,,
2,1700,-4.1,17,,
2,1800,-4.6,18,,
2,1900,-5.1,19,,
2,2000,-5.2,20,,
2,2100,-5.6,21,,
2,2200,-5.6,22,,
2,2300,-3.9,23,,
3,0,-2.2,0,,
3,100,0,1,,
3,200,1.6,2,,
3,300,2.6,3,,
3,400,3.7,4,,
3,500,4.3,5,,
3,600,3.8,6,,
3,700,2.9,7,,
3,800,2.5,8,,
3,900,2.1,9,,
3,1000,2,10,,
3,1100,1.7,11,,
3,1200,1.5,12,,
3,1300,1.3,13,,
3,1400,1.5,14,,
3,1500,0.9,15,,
3,1600,1.1,16,,
3,1700,0.9,17,,
3,1800,1.1,18,,
3,1900,1.4,19,,
3,2000,1.6,20,,
3,2100,1.7,21,,
3,2200,2.1,22,,
3,2300,2.6,23,,
4,0,3.4,0,,
4,100,4.5,1,,
4,200,5,2,,
4,300,5.3,3,,
4,400,6.1,4,,
4,500,6.8,5,,
4,600,7.1,6,,
4,700,7,7,,
4,800,6.2,8,,
4,900,5.5,9,,
4,1000,5,10,,
4,1100,4.1,11,,
4,1200,3.1,12,,
4,1300,2.5,13,,
4,1400,2.2,14,,
4,1500,2.5,15,,
4,1600,2.7,16,,
4,1700,3.2,17,,
4,1800,3.3,18,,
4,1900,3.3,19,,
4,2000,3.3,20,,
4,2100,3.4,21,,
4,2200,3.4,22,,
4,2300,4,23,,
5,0,5.1,0,,
5,100,6.8,1,,
5,200,8.3,2,,
5,300,9.3,3,,
5,400,8.8,4,,
5,500,8.6,5,,
5,600,7.7,6,,
5,700,7.4,7,,
5,800,5.1,8,,
5,900,4.7,9,,
5,1000,3.4,10,,
5,1100,2.1,11,,
5,1200,0.3,12,,
5,1300,-1.6,13,,
5,1400,-2.7,14,,
5,1500,-3.2,15,,
5,1600,-3.9,16,,
5,1700,-4.7,17,,
5,1800,-5.3,18,,
5,1900,-6.3,19,,
5,2000,-6.7,20,,
5,2100,-7.3,21,,
5,2200,-8.1,22,,
5,2300,-8,23,,
6,0,-7.3,0,,
6,100,-6.7,1,,
6,200,-6.4,2,,
6,300,-5.5,3,,
6,400,-3.6,4,,
6,500,-3.9,5,,
6,600,-3.2,6,,
6,700,-4.1,7,,
6,800,-4.6,8,,
6,900,-5.2,9,,
6,1000,-5.9,10,,
6,1100,-6.7,11,,
6,1200,-7.4,12,,
6,1300,-7.8,13,,
6,1400,-8.3,14,,
6,1500,-8.2,15,,
6,1600,-8.6,16,,
6,1700,-8.9,17,,
6,1800,-9,18,,
6,1900,-9.5,19,,
6,2000,-9.5,20,,
6,2100,-9.8,21,,
6,2200,-10.2,22,,
6,2300,-10,23,,
7,0,-8.8,0,,
7,100,-7.4,1,,
7,200,-6.2,2,,
7,300,-4.7,3,,
7,400,-4.9,4,,
7,500,-4.7,5,,
7,600,-4.9,6,,
7,700,-4.5,7,,
7,800,-5.7,8,,
7,900,-6.3,9,,
7,1000,-7,10,,
7,1100,-8,11,,
7,1200,-9.3,12,,
7,1300,-9.8,13,,
7,1400,-9.8,14,,
7,1500,-9.7,15,,
7,1600,-10.9,16,,
7,1700,-10.2,17,,
7,1800,-10.4,18,,
7,1900,-10.7,19,,
7,2000,-11,20,,
7,2100,-11.3,21,,
7,2200,-11.6,22,,
7,2300,-11.4,23,,
8,0,-10.8,0,,
8,100,-9.5,1,,
8,200,-7.9,2,,
8,300,-7.5,3,,
8,400,-6.1,4,,
8,500,-4.8,5,,
8,600,-4.5,6,,
8,700,-4.3,7,,
8,800,-5.4,8,,
8,900,-5.6,9,,
8,1000,-5.7,10,,
8,1100,-5.5,11,,
8,1200,-5.4,12,,
8,1300,-6.4,13,,
8,1400,-7.1,14,,
8,1500,-7.5,15,,
8,1600,-7.8,16,,
8,1700,-8,17,,
8,1800,-8.2,18,,
8,1900,-8.3,19,,
8,2000,-8.4,20,,
8,2100,-8.6,21,,
8,2200,-8.1,22,,
8,2300,-5.9,23,,
9,0,-4.1,0,,
9,100,-2.4,1,,
9,200,-0.1,2,,
9,300,1.3,3,,
9,400,1.8,4,,
9,500,3.2,5,,
9,600,3.3,6,,
9,700,2.9,7,,
9,800,1.7,8,,
9,900,0.8,9,,
9,1000,0.4,10,,
9,1100,0.1,11,,
9,1200,-0.6,12,,
9,1300,-1,13,,
9,1400,-1.2,14,,
9,1500,-1.3,15,,
9,1600,-1.3,16,,
9,1700,-0.9,17,,
9,1800,-0.8,18,,
9,1900,-0.7,19,,
9,2000,-0.4,20,,
9,2100,0,21,,
9,2200,0.9,22,,
9,2300,0.8,23,,
10,0,1.8,0,,
10,100,2.7,1,,
10,200,2.6,2,,
10,300,3.2,3,,
10,400,4.4,4,,
10,500,4.8,5,,
10,600,4.3,6,,
10,700,3,7,,
10,800,2.7,8,,
10,900,2.7,9,,
10,1000,2.8,10,,
10,1100,2.9,11,,
10,1200,2.9,12,,
10,1300,2.6,13,,
10,1400,2.3,14,,
10,1500,2,15,,
10,1600,2,16,,
10,1700,2.1,17,,
10,1800,2.1,18,,
10,1900,2.2,19,,
10,2000,2.2,20,,
10,2100,2.2,21,,
10,2200,2.3,22,,
10,2300,2.3,23,,
11,0,2.7,0,,
11,100,3.7,1,,
11,200,3.8,2,,
11,300,3.4,3,,
11,400,5.3,4,,
11,500,4.8,5,,
11,600,5.3,6,,
11,700,5.5,7,,
11,800,3.7,8,,
11,900,2.4,9,,
11,1000,1.6,10,,
11,1100,1.1,11,,
11,1200,0.8,12,,
11,1300,0.7,13,,
11,1400,0.4,14,,
11,1500,0.1,15,,
11,1600,-0.1,16,,
11,1700,-0.1,17,,
11,1800,-1.1,18,,
11,1900,-1.5,19,,
11,2000,-1.5,20,,
11,2100,-1.8,21,,
11,2200,-1.7,22,,
11,2300,0.1,23,,
12,0,1.6,0,,
12,100,4.1,1,,
12,200,4.5,2,,
12,300,5.7,3,,
12,400,6.6,4,,
12,500,7.2,5,,
12,600,7.2,6,,
12,700,6.7,7,,
12,800,5.9,8,,
12,900,5.4,9,,
12,1000,5,10,,
12,1100,4.5,11,,
12,1200,4,12,,
12,1300,4,13,,
12,1400,4.1,14,,
12,1500,4.1,15,,
12,1600,4.2,16,,
12,1700,4,17,,
12,1800,3.8,18,,
12,1900,4.2,19,,
12,2000,4.2,20,,
12,2100,3.9,21,,
12,2200,3.9,22,,
12,2300,4.4,23,,
13,0,5,0,,
13,100,5.9,1,,
13,200,6.9,2,,
13,300,7.6,3,,
13,400,7.9,4,,
13,500,8.5,5,,
13,600,8.8,6,,
13,700,8.8,7,,
13,800,8.2,8,,
13,900,7.3,9,,
13,1000,6.4,10,,
13,1100,5.7,11,,
13,1200,5.3,12,,
13,1300,4.9,13,,
13,1400,4.4,14,,
13,1500,4.6,15,,
13,1600,5,16,,
13,1700,5.4,17,,
13,1800,5.8,18,,
13,1900,5.9,19,,
13,2000,5.7,20,,
13,2100,5.4,21,,
13,2200,5.2,22,,
13,2300,5.6,23,,
14,0,7.7,0,,
14,100,9.1,1,,
14,200,9.6,2,,
14,300,10.9,3,,
14,400,11,4,,
14,500,11.5,5,,
14,600,11.8,6,,
14,700,11.4,7,,
14,800,10.9,8,,
14,900,10.1,9,,
14,1000,9.5,10,,
14,1100,9,11,,
14,1200,8.3,12,,
14,1300,7.2,13,,
14,1400,6.8,14,,
14,1500,7.4,15,,
14,1600,7.7,16,,
14,1700,7.8,17,,
14,1800,7.5,18,,
14,1900,7.4,19,,
14,2000,7.3,20,,
14,2100,6.8,21,,
14,2200,7.1,22,,
14,2300,7.2,23,,
15,0,7.5,0,,
15,100,7.7,1,,
15,200,9.7,2,,
15,300,9.6,3,,
15,400,10.9,4,,
15,500,10.5,5,,
15,600,9.4,6,,
15,700,9,7,,
15,800,7.2,8,,
15,900,5.9,9,,
15,1000,5,10,,
15,1100,3.3,11,,
15,1200,2.4,12,,
15,1300,1.8,13,,
15,1400,1.2,14,,
15,1500,0.7,15,,
15,1600,0.4,16,,
15,1700,0.4,17,,
15,1800,0.2,18,,
15,1900,-0.1,19,,
15,2000,-0.2,20,,
15,2100,-0.6,21,,
15,2200,-0.7,22,,
15,2300,-0.3,23,,
16,0,0.4,0,,
16,100,2.1,1,,
16,200,2.9,2,,
16,300,4.3,3,,
16,400,5.5,4,,
16,500,6.2,5,,
16,600,6.7,6,,
16,700,6.4,7,,
16,800,5.7,8,,
16,900,4.4,9,,
16,1000,3.8,10,,
16,1100,3.5,11,,
16,1200,2.7,12,,
16,1300,1.7,13,,
16,1400,1.2,14,,
16,1500,0.9,15,,
16,1600,0,16,,
16,1700,-0.3,17,,
16,1800,-0.7,18,,
16,1900,-0.9,19,,
16,2000,-1.4,20,,
16,2100,-1.6,21,,
16,2200,-1.7,22,,
16,2300,0.2,23,,
17,0,2,0,,
17,100,3.4,1,,
17,200,4.3,2,,
17,300,5.5,3,,
17,400,6.6,4,,
17,500,5.8,5,,
17,600,4.6,6,,
17,700,4.2,7,,
17,800,2.8,8,,
17,900,2.1,9,,
17,1000,1.9,10,,
17,1100,1.5,11,,
17,1200,1.6,12,,
17,1300,1.5,13,,
17,1400,1.4,14,,
17,1500,1.2,15,,
17,1600,1.1,16,,
17,1700,0.9,17,,
17,1800,1.2,18,,
17,1900,1.2,19,,
17,2000,1.3,20,,
17,2100,1.5,21,,
17,2200,0.9,22,,
17,2300,3,23,,
18,0,3.7,0,,
18,100,4.3,1,,
18,200,5.1,2,,
18,300,4.7,3,,
18,400,5.7,4,,
18,500,6.6,5,,
18,600,6.3,6,,
18,700,5.6,7,,
18,800,4.4,8,,
18,900,3.3,9,,
18,1000,2.5,10,,
18,1100,2.1,11,,
18,1200,1.5,12,,
18,1300,1.1,13,,
18,1400,0.7,14,,
18,1500,0,15,,
18,1600,-0.2,16,,
18,1700,-0.4,17,,
18,1800,-1,18,,
18,1900,-1.4,19,,
18,2000,-1.7,20,,
18,2100,-1.7,21,,
18,2200,-1.4,22,,
18,2300,0,23,,
19,0,1.7,0,,
19,100,3.3,1,,
19,200,4.5,2,,
19,300,5.2,3,,
19,400,5.3,4,,
19,500,5.8,5,,
19,600,5.7,6,,
19,700,5.8,7,,
19,800,4.8,8,,
19,900,4.1,9,,
19,1000,3.5,10,,
19,1100,2.9,11,,
19,1200,2.3,12,,
19,1300,1.9,13,,
19,1400,1.6,14,,
19,1500,1.1,15,,
19,1600,0.6,16,,
19,1700,0.5,17,,
19,1800,1.2,18,,
19,1900,1.6,19,,
19,2000,1.8,20,,
19,2100,1.1,21,,
19,2200,1.1,22,,
19,2300,2.7,23,,
20,0,4.8,0,,
20,100,7.7,1,,
20,200,9.3,2,,
20,300,10.4,3,,
20,400,12.2,4,,
20,500,12.6,5,,
20,600,12.5,6,,
20,700,11.6,7,,
20,800,10.8,8,,
20,900,9.8,9,,
20,1000,9.1,10,,
20,1100,8.4,11,,
20,1200,8.2,12,,
20,1300,8.2,13,,
20,1400,8.3,14,,
20,1500,8.2,15,,
20,1600,8.1,16,,
20,1700,7.7,17,,
20,1800,7.7,18,,
20,1900,8,19,,
20,2000,8,20,,
20,2100,8,21,,
20,2200,8.3,22,,
20,2300,9.2,23,,
21,0,10.6,0,,
21,100,12,1,,
21,200,13.8,2,,
21,300,16,3,,
21,400,16.200001,4,,
21,500,16.9,5,,
21,600,17,6,,
21,700,15.8,7,,
21,800,14.6,8,,
21,900,13.6,9,,
21,1000,13,10,,
21,1100,13,11,,
21,1200,13,12,,
21,1300,13.1,13,,
21,1400,12.6,14,,
21,1500,12.5,15,,
21,1600,12.7,16,,
21,1700,12.6,17,,
21,1800,12,18,,
21,1900,12.1,19,,
21,2000,11.8,20,,
21,2100,12,21,,
21,2200,12,22,,
21,2300,10.9,23,,
22,0,9.9,0,,
22,100,9.7,1,,
22,200,10.8,2,,
22,300,8.7,3,,
22,400,8.8,4,,
22,500,9.7,5,,
22,600,8.4,6,,
22,700,7.6,7,,
22,800,6,8,,
22,900,4.7,9,,
22,1000,4,10,,
22,1100,3.3,11,,
22,1200,2.7,12,,
22,1300,2.4,13,,
22,1400,2,14,,
22,1500,1.7,15,,
22,1600,1.4,16,,
22,1700,0.5,17,,
22,1800,0.4,18,,
22,1900,0.4,19,,
22,2000,0.5,20,,
22,2100,0.6,21,,
22,2200,1.2,22,,
22,2300,2.7,23,,
23,0,2.5,0,,
23,100,3.8,1,,
23,200,3.9,2,,
23,300,5,3,,
23,400,5.3,4,,
23,500,4.9,5,,
23,600,4.2,6,,
23,700,3.6,7,,
23,800,3.1,8,,
23,900,2.5,9,,
23,1000,2.5,10,,
23,1100,2.3,11,,
23,1200,2.3,12,,
23,1300,2.1,13,,
23,1400,2.2,14,,
23,1500,2,15,,
23,1600,2,16,,
23,1700,2,17,,
23,1800,2.1,18,,
23,1900,2.1,19,,
23,2000,2.1,20,,
23,2100,2,21,,
23,2200,2.6,22,,
23,2300,2.8,23,,
24,0,3.4,0,,
24,100,4.1,1,,
24,200,4.4,2,,
24,300,3.6,3,,
24,400,4.8,4,,
24,500,4.5,5,,
24,600,5.2,6,,
24,700,5.4,7,,
24,800,5.2,8,,
24,900,4.9,9,,
24,1000,4.7,10,,
24,1100,4.2,11,,
24,1200,3.5,12,,
24,1300,3.3,13,,
24,1400,3.1,14,,
24,1500,2.9,15,,
24,1600,2.8,16,,
24,1700,2.3,17,,
24,1800,2,18,,
24,1900,1.7,19,,
24,2000,1.6,20,,
24,2100,1.4,21,,
24,2200,2.1,22,,
24,2300,3.8,23,,
25,0,6.2,0,,
25,100,7.8,1,,
25,200,10.6,2,,
25,300,11.7,3,,
25,400,12.8,4,,
25,500,14,5,,
25,600,14.2,6,,
25,700,14.2,7,,
25,800,13.8,8,,
25,900,12.6,9,,
25,1000,10.6,10,,
25,1100,9.7,11,,
25,1200,8.8,12,,
25,1300,8.1,13,,
25,1400,7.3,14,,
25,1500,7.6,15,,
25,1600,7.2,16,,
25,1700,6.9,17,,
25,1800,5.7,18,,
25,1900,5.2,19,,
25,2000,4.9,20,,
25,2100,4.6,21,,
25,2200,4.7,22,,
25,2300,6.6,23,,
26,0,8.2,0,,
26,100,9.1,1,,
26,200,10.2,2,,
26,300,10.7,3,,
26,400,12.1,4,,
26,500,11.7,5,,
26,600,11.7,6,,
26,700,11.9,7,,
26,800,11.7,8,,
26,900,10.6,9,,
26,1000,9.7,10,,
26,1100,9.2,11,,
26,1200,9,12,,
26,1300,9.1,13,,
26,1400,9,14,,
26,1500,8.7,15,,
26,1600,8.8,16,,
26,1700,8.8,17,,
26,1800,8.5,18,,
26,1900,7.9,19,,
26,2000,7.5,20,,
26,2100,7.4,21,,
26,2200,7.7,22,,
26,2300,8.8,23,,
27,0,9.4,0,,
27,100,10.1,1,,
27,200,11.4,2,,
27,300,11.2,3,,
27,400,12,4,,
27,500,12.6,5,,
27,600,13.2,6,,
27,700,13.3,7,,
27,800,12.2,8,,
27,900,11.9,9,,
27,1000,10.6,10,,
27,1100,10.2,11,,
27,1200,9.5,12,,
27,1300,9,13,,
27,1400,7.8,14,,
27,1500,7.2,15,,
27,1600,6.8,16,,
27,1700,6.4,17,,
27,1800,5.8,18,,
27,1900,5.3,19,,
27,2000,5,20,,
27,2100,4.8,21,,
27,2200,4.8,22,,
27,2300,6,23,,
28,0,8.2,0,,
28,100,9.1,1,,
28,200,11.3,2,,
28,300,13.1,3,,
28,400,14.7,4,,
28,500,14.7,5,,
28,600,15.2,6,,
28,700,15.4,7,,
28,800,13.7,8,,
28,900,12.1,9,,
28,1000,11.4,10,,
28,1100,10.5,11,,
28,1200,9.8,12,,
28,1300,9.7,13,,
28,1400,10.3,14,,
28,1500,9.2,15,,
28,1600,8.4,16,,
28,1700,7.6,17,,
28,1800,7.1,18,,
28,1900,7.1,19,,
28,2000,7.1,20,,
28,2100,6.6,21,,
28,2200,6.9,22,,
28,2300,7.6,23,,
 Start : 20260301 ,,,0,,
1,0,8.7,0,,
1,100,10.6,1,,
1,200,11.2,2,,
1,300,11.2,3,,
1,400,11.7,4,,
1,500,11.7,5,,
1,600,12.2,6,,
1,700,12,7,,
1,800,11.4,8,,
1,900,10.4,9,,
1,1000,10.2,10,,
1,1100,9.8,11,,
1,1200,9.4,12,,
1,1300,8.8,13,,
1,1400,8.1,14,,
1,1500,7.9,15,,
1,1600,7.4,16,,
1,1700,7.3,17,,
1,1800,7.1,18,,
1,1900,7.1,19,,
1,2000,7.3,20,,
1,2100,7.2,21,,
1,2200,6.8,22,,
1,2300,5.7,23,,
2,0,5.1,0,,
2,100,4.6,1,,
2,200,4.4,2,,
2,300,4.5,3,,
2,400,4.6,4,,
2,500,5.1,5,,
2,600,5.2,6,,
2,700,4.9,7,,
2,800,4.5,8,,
2,900,4.2,9,,
2,1000,3.6,10,,
2,1100,3,11,,
2,1200,2.9,12,,
2,1300,3.1,13,,
2,1400,3.2,14,,
2,1500,3.1,15,,
2,1600,2.9,16,,
2,1700,3.2,17,,
2,1800,2.6,18,,
2,1900,2.5,19,,
2,2000,2.7,20,,
2,2100,2.7,21,,
2,2200,3.1,22,,
2,2300,3.5,23,,
3,0,4.5,0,,
3,100,5.5,1,,
3,200,7.2,2,,
3,300,8.9,3,,
3,400,9,4,,
3,500,10.3,5,,
3,600,10.7,6,,
3,700,10.1,7,,
3,800,9.5,8,,
3,900,9.1,9,,
3,1000,8.1,10,,
3,1100,7.3,11,,
3,1200,6.7,12,,
3,1300,5.7,13,,
3,1400,5.8,14,,
3,1500,5.5,15,,
3,1600,5.2,16,,
3,1700,4.5,17,,
3,1800,3.7,18,,
3,1900,3.2,19,,
3,2000,2.9,20,,
3,2100,2.8,21,,
3,2200,3.2,22,,
3,2300,4.4,23,,
4,0,5.5,0,,
4,100,6.1,1,,
4,200,7.7,2,,
4,300,8.6,3,,
4,400,10.1,4,,
4,500,10.9,5,,
4,600,10.6,6,,
4,700,10.6,7,,
4,800,9.5,8,,
4,900,7.5,9,,
4,1000,7.1,10,,
4,1100,6.3,11,,
4,1200,5.9,12,,
4,1300,6.1,13,,
4,1400,5.8,14,,
4,1500,5.5,15,,
4,1600,4.8,16,,
4,1700,4.2,17,,
4,1800,3.5,18,,
4,1900,3.1,19,,
4,2000,3,20,,
4,2100,2.9,21,,
4,2200,3.5,22,,
4,2300,5.4,23,,
5,0,7.1,0,,
5,100,9.1,1,,
5,200,11.4,2,,
5,300,12.3,3,,
5,400,12.1,4,,
5,500,12.1,5,,
5,600,11.5,6,,
5,700,11,7,,
5,800,8.8,8,,
5,900,5.7,9,,
5,1000,4.4,10,,
5,1100,4.2,11,,
5,1200,1.7,12,,
5,1300,1.2,13,,
5,1400,1.1,14,,
5,1500,1.6,15,,
5,1600,1.8,16,,
5,1700,2.1,17,,
5,1800,1.8,18,,
5,1900,1.9,19,,
5,2000,2.1,20,,
5,2100,2.2,21,,
5,2200,2.3,22,,
5,2300,3,23,,
6,0,2.8,0,,
6,100,3.3,1,,
6,200,4.3,2,,
6,300,3.9,3,,
6,400,3.8,4,,
6,500,2.8,5,,
6,600,2.5,6,,
6,700,2.6,7,,
6,800,3,8,,
6,900,2.7,9,,
6,1000,2.3,10,,
6,1100,1.8,11,,
6,1200,1,12,,
6,1300,0.8,13,,
6,1400,0.7,14,,
6,1500,0.3,15,,
6,1600,0,16,,
6,1700,-0.1,17,,
6,1800,-0.2,18,,
6,1900,-0.5,19,,
6,2000,-0.9,20,,
6,2100,-1,21,,
6,2200,-0.6,22,,
6,2300,0,23,,
7,0,0.7,0,,
7,100,1.8,1,,
7,200,3,2,,
7,300,3.5,3,,
7,400,4.3,4,,
7,500,3.8,5,,
7,600,5.3,6,,
7,700,5.1,7,,
7,800,4.2,8,,
7,900,3.4,9,,
7,1000,3,10,,
7,1100,2.1,11,,
7,1200,1.3,12,,
7,1300,0.6,13,,
7,1400,0.1,14,,
7,1500,-0.3,15,,
7,1600,-0.3,16,,
7,1700,-0.6,17,,
7,1800,-1,18,,
7,1900,-1.5,19,,
7,2000,-1.8,20,,
7,2100,-2,21,,
7,2200,-0.9,22,,
7,2300,1.2,23,,
8,0,2.7,0,,
8,100,3.2,1,,
8,200,5,2,,
8,300,6,3,,
8,400,6.5,4,,
8,500,6.1,5,,
8,600,5.1,6,,
8,700,5.1,7,,
8,800,4.5,8,,
8,900,3.3,9,,
8,1000,2.6,10,,
8,1100,2.3,11,,
8,1200,2.1,12,,
8,1300,2,13,,
8,1400,2.4,14,,
8,1500,2.4,15,,
8,1600,2.6,16,,
8,1700,2.7,17,,
8,1800,2.9,18,,
8,1900,3.2,19,,
8,2000,3.3,20,,
8,2100,3.4,21,,
8,2200,3.4,22,,
8,2300,3.6,23,,
9,0,4.4,0,,
9,100,4.9,1,,
9,200,6.4,2,,
9,300,7.1,3,,
9,400,7.1,4,,
9,500,7.4,5,,
9,600,8.1,6,,
9,700,6.8,7,,
9,800,6.7,8,,
9,900,6.1,9,,
9,1000,6,10,,
9,1100,5.2,11,,
9,1200,4.4,12,,
9,1300,3.9,13,,
9,1400,3.6,14,,
9,1500,3.1,15,,
9,1600,3.1,16,,
9,1700,2,17,,
9,1800,1.5,18,,
9,1900,1.1,19,,
9,2000,0.5,20,,
9,2100,0.3,21,,
9,2200,1.2,22,,
9,2300,2.8,23,,
10,0,4.7,0,,
10,100,6.5,1,,
10,200,6.4,2,,
10,300,7.6,3,,
10,400,8,4,,
10,500,7.9,5,,
10,600,8.5,6,,
10,700,7.4,7,,
10,800,6.6,8,,
10,900,5.4,9,,
10,1000,4.5,10,,
10,1100,3.9,11,,
10,1200,3.5,12,,
10,1300,2.9,13,,
10,1400,2.7,14,,
10,1500,2.2,15,,
10,1600,1.9,16,,
10,1700,1.8,17,,
10,1800,1.6,18,,
10,1900,1.6,19,,
10,2000,1.8,20,,
10,2100,1.9,21,,
10,2200,2.7,22,,
10,2300,3.7,23,,
11,0,5.7,0,,
11,100,5.6,1,,
11,200,5.7,2,,
11,300,6.7,3,,
11,400,8.2,4,,
11,500,9,5,,
11,600,8.9,6,,
11,700,8.2,7,,
11,800,7.6,8,,
11,900,6.6,9,,
11,1000,6,10,,
11,1100,5.5,11,,
11,1200,5.1,12,,
11,1300,4.7,13,,
11,1400,4.5,14,,
11,1500,4.3,15,,
11,1600,3.8,16,,
11,1700,3.2,17,,
11,1800,2.9,18,,
11,1900,2.8,19,,
11,2000,2.8,20,,
11,2100,2.1,21,,
11,2200,3.2,22,,
11,2300,4.7,23,,
12,0,6.2,0,,
12,100,8,1,,
12,200,10.1,2,,
12,300,11.4,3,,
12,400,11.6,4,,
12,500,12,5,,
12,600,13.3,6,,
12,700,12.3,7,,
12,800,12.8,8,,
12,900,11.3,9,,
12,1000,10.1,10,,
12,1100,8.8,11,,
12,1200,8.2,12,,
12,1300,7.2,13,,
12,1400,6.6,14,,
12,1500,6.1,15,,
12,1600,5.9,16,,
12,1700,5.5,17,,
12,1800,5.2,18,,
12,1900,5,19,,
12,2000,4.7,20,,
12,2100,4.4,21,,
12,2200,4.7,22,,
12,2300,6,23,,
13,0,7.1,0,,
13,100,8.4,1,,
13,200,9.1,2,,
13,300,11.2,3,,
13,400,11,4,,
13,500,11.7,5,,
13,600,12.4,6,,
13,700,12.1,7,,
13,800,11.6,8,,
13,900,9.3,9,,
13,1000,8.7,10,,
13,1100,8.1,11,,
13,1200,8,12,,
13,1300,7.3,13,,
13,1400,6.6,14,,
13,1500,6.2,15,,
13,1600,6.4,16,,
13,1700,6.7,17,,
13,1800,6.4,18,,
13,1900,6.1,19,,
13,2000,6.1,20,,
13,2100,6.2,21,,
13,2200,6.7,22,,
13,2300,7.2,23,,
14,0,8.3,0,,
14,100,10.1,1,,
14,200,10.8,2,,
14,300,12.2,3,,
14,400,12.4,4,,
14,500,11.8,5,,
14,600,10.3,6,,
14,700,9.6,7,,
14,800,9,8,,
14,900,8.4,9,,
14,1000,8.1,10,,
14,1100,7.7,11,,
14,1200,7.6,12,,
14,1300,7.2,13,,
14,1400,7,14,,
14,1500,6.8,15,,
14,1600,6.7,16,,
14,1700,6.5,17,,
14,1800,6.5,18,,
14,1900,6.4,19,,
14,2000,6.4,20,,
14,2100,6.5,21,,
14,2200,6.6,22,,
14,2300,6.9,23,,
15,0,7.2,0,,
15,100,7.1,1,,
15,200,6.6,2,,
15,300,7.5,3,,
15,400,8.8,4,,
15,500,9.2,5,,
15,600,9.5,6,,
15,700,9.8,7,,
15,800,8.4,8,,
15,900,6.7,9,,
15,1000,6.2,10,,
15,1100,5.9,11,,
15,1200,5.2,12,,
15,1300,4.7,13,,
15,1400,4.3,14,,
15,1500,3.9,15,,
15,1600,3.5,16,,
15,1700,3.6,17,,
15,1800,3.4,18,,
15,1900,3.6,19,,
15,2000,2.8,20,,
15,2100,2.7,21,,
15,2200,3.4,22,,
15,2300,4.9,23,,
16,0,7.1,0,,
16,100,9.2,1,,
16,200,10.1,2,,
16,300,12.5,3,,
16,400,12,4,,
16,500,12,5,,
16,600,12.3,6,,
16,700,11.8,7,,
16,800,10.5,8,,
16,900,9.5,9,,
16,1000,8.6,10,,
16,1100,8.1,11,,
16,1200,7.3,12,,
16,1300,6.5,13,,
16,1400,6,14,,
16,1500,5.4,15,,
16,1600,4.8,16,,
16,1700,4.3,17,,
16,1800,3.8,18,,
16,1900,3.4,19,,
16,2000,2.8,20,,
16,2100,2.7,21,,
16,2200,4.2,22,,
16,2300,5.8,23,,
17,0,8.8,0,,
17,100,11.1,1,,
17,200,12.5,2,,
17,300,12.2,3,,
17,400,13.4,4,,
17,500,14,5,,
17,600,14.6,6,,
17,700,13.9,7,,
17,800,12.6,8,,
17,900,11.4,9,,
17,1000,9.8,10,,
17,1100,9.4,11,,
17,1200,8.9,12,,
17,1300,8.4,13,,
17,1400,8.8,14,,
17,1500,8.2,15,,
17,1600,8.1,16,,
17,1700,8.3,17,,
17,1800,8.3,18,,
17,1900,8.9,19,,
17,2000,7.4,20,,
17,2100,6.3,21,,
17,2200,6.4,22,,
17,2300,6.6,23,,
18,0,6.2,0,,
18,100,5.2,1,,
18,200,4.9,2,,
18,300,4.7,3,,
18,400,5.4,4,,
18,500,7.6,5,,
18,600,8.7,6,,
18,700,8.7,7,,
18,800,8.4,8,,
18,900,8.1,9,,
18,1000,7,10,,
18,1100,6,11,,
18,1200,5.5,12,,
18,1300,5.4,13,,
18,1400,5.5,14,,
18,1500,5.3,15,,
18,1600,4.9,16,,
18,1700,4.6,17,,
18,1800,4.3,18,,
18,1900,3.9,19,,
18,2000,3.5,20,,
18,2100,3,21,,
18,2200,3.6,22,,
18,2300,4.8,23,,
19,0,6.3,0,,
19,100,8.3,1,,
19,200,9.4,2,,
19,300,11.3,3,,
19,400,11.5,4,,
19,500,11.7,5,,
19,600,10.7,6,,
19,700,9.1,7,,
19,800,8.1,8,,
19,900,6.4,9,,
19,1000,5.6,10,,
19,1100,5.1,11,,
19,1200,4.7,12,,
19,1300,4.5,13,,
19,1400,4.5,14,,
19,1500,4.2,15,,
19,1600,3.9,16,,
19,1700,3.7,17,,
19,1800,3.6,18,,
19,1900,3.2,19,,
19,2000,3.2,20,,
19,2100,3.1,21,,
19,2200,3.9,22,,
19,2300,5.1,23,,
20,0,6.8,0,,
20,100,7.8,1,,
20,200,9.8,2,,
20,300,11.2,3,,
20,400,11.7,4,,
20,500,11.6,5,,
20,600,11.1,6,,
20,700,11.1,7,,
20,800,10.4,8,,
20,900,8,9,,
20,1000,7.3,10,,
20,1100,6.9,11,,
20,1200,6.6,12,,
20,1300,6.1,13,,
20,1400,5.4,14,,
20,1500,4.9,15,,
20,1600,4.3,16,,
20,1700,3.9,17,,
20,1800,3.7,18,,
20,1900,3.3,19,,
20,2000,2.8,20,,
20,2100,2.6,21,,
20,2200,3.8,22,,
20,2300,6.6,23,,
21,0,8.2,0,,
21,100,10.2,1,,
21,200,12.2,2,,
21,300,13.3,3,,
21,400,13.3,4,,
21,500,13.7,5,,
21,600,13.1,6,,
21,700,12.4,7,,
21,800,11.6,8,,
21,900,10.3,9,,
21,1000,9.6,10,,
21,1100,9,11,,
21,1200,8.2,12,,
21,1300,7.9,13,,
21,1400,7,14,,
21,1500,6.8,15,,
21,1600,6.5,16,,
21,1700,6.5,17,,
21,1800,6.5,18,,
21,1900,6.4,19,,
21,2000,6.6,20,,
21,2100,7.1,21,,
21,2200,7.2,22,,
21,2300,8.4,23,,
22,0,10.6,0,,
22,100,13,1,,
22,200,14.4,2,,
22,300,16.1,3,,
22,400,17,4,,
22,500,16.6,5,,
22,600,17,6,,
22,700,16.5,7,,
22,800,14.9,8,,
22,900,13.2,9,,
22,1000,11.9,10,,
22,1100,11.2,11,,
22,1200,10.3,12,,
22,1300,9.6,13,,
22,1400,8.9,14,,
22,1500,8.6,15,,
22,1600,7.6,16,,
22,1700,7,17,,
22,1800,6.9,18,,
22,1900,6.3,19,,
22,2000,6.2,20,,
22,2100,6,21,,
22,2200,7.7,22,,
22,2300,9.4,23,,
23,0,11.2,0,,
23,100,13.6,1,,
23,200,14.8,2,,
23,300,16.700001,3,,
23,400,17.6,4,,
23,500,18.6,5,,
23,600,18,6,,
23,700,16.700001,7,,
23,800,15.8,8,,
23,900,14.2,9,,
23,1000,12.8,10,,
23,1100,12.3,11,,
23,1200,11.4,12,,
23,1300,10.9,13,,
23,1400,10.6,14,,
23,1500,9.8,15,,
23,1600,9.6,16,,
23,1700,9.3,17,,
23,1800,9.9,18,,
23,1900,9.8,19,,
23,2000,9.9,20,,
23,2100,9.7,21,,
23,2200,11,22,,
23,2300,12.5,23,,
24,0,13.9,0,,
24,100,15.1,1,,
24,200,15.5,2,,
24,300,15.6,3,,
24,400,16.4,4,,
24,500,15.2,5,,
24,600,16,6,,
24,700,15.2,7,,
24,800,14.6,8,,
24,900,13.7,9,,
24,1000,13.2,10,,
24,1100,13.1,11,,
24,1200,12.8,12,,
24,1300,12.4,13,,
24,1400,12.1,14,,
24,1500,11.9,15,,
24,1600,11.5,16,,
24,1700,11.3,17,,
24,1800,10.9,18,,
24,1900,10.4,19,,
24,2000,10,20,,
24,2100,10.3,21,,
24,2200,11.3,22,,
24,2300,12.4,23,,
25,0,13.4,0,,
25,100,14.5,1,,
25,200,15.3,2,,
25,300,17,3,,
25,400,17.9,4,,
25,500,17.200001,5,,
25,600,17.1,6,,
25,700,15.2,7,,
25,800,14,8,,
25,900,12.2,9,,
25,1000,10.9,10,,
25,1100,9.9,11,,
25,1200,9.5,12,,
25,1300,9.1,13,,
25,1400,8.6,14,,
25,1500,8.4,15,,
25,1600,7.5,16,,
25,1700,7.2,17,,
25,1800,7.1,18,,
25,1900,6.7,19,,
25,2000,6.4,20,,
25,2100,6.4,21,,
25,2200,7.3,22,,
25,2300,9.3,23,,
26,0,11.4,0,,
26,100,14.1,1,,
26,200,15.8,2,,
26,300,16.200001,3,,
26,400,16.700001,4,,
26,500,17.6,5,,
26,600,16.799999,6,,
26,700,14.8,7,,
26,800,14.5,8,,
26,900,12.8,9,,
26,1000,11.2,10,,
26,1100,9.7,11,,
26,1200,8.5,12,,
26,1300,7.7,13,,
26,1400,6.8,14,,
26,1500,6.6,15,,
26,1600,6.2,16,,
26,1700,5.7,17,,
26,1800,5.9,18,,
26,1900,6,19,,
26,2000,6.1,20,,
26,2100,6.2,21,,
26,2200,6.7,22,,
26,2300,8.6,23,,
27,0,10.6,0,,
27,100,12.7,1,,
27,200,14.2,2,,
27,300,14.5,3,,
27,400,16,4,,
27,500,16,5,,
27,600,15.9,6,,
27,700,15.6,7,,
27,800,15,8,,
27,900,13,9,,
27,1000,11.8,10,,
27,1100,10.8,11,,
27,1200,9.9,12,,
27,1300,9.1,13,,
27,1400,7.4,14,,
27,1500,6.6,15,,
27,1600,6.1,16,,
27,1700,6.2,17,,
27,1800,5.6,18,,
27,1900,5.3,19,,
27,2000,5.8,20,,
27,2100,5.9,21,,
27,2200,6,22,,
27,2300,6.8,23,,
28,0,10.2,0,,
28,100,12.8,1,,
28,200,14.7,2,,
28,300,16.700001,3,,
28,400,18.4,4,,
28,500,18.4,5,,
28,600,18.700001,6,,
28,700,17.799999,7,,
28,800,16.5,8,,
28,900,14,9,,
28,1000,12,10,,
28,1100,10.7,11,,
28,1200,10.3,12,,
28,1300,9.9,13,,
28,1400,9.5,14,,
28,1500,9,15,,
28,1600,8.8,16,,
28,1700,8.2,17,,
28,1800,8.2,18,,
28,1900,8.3,19,,
28,2000,8.2,20,,
28,2100,8.3,21,,
28,2200,10,22,,
28,2300,12.3,23,,
29,0,13.9,0,,
29,100,17.5,1,,
29,200,18.799999,2,,
29,300,20.299999,3,,
29,400,19.9,4,,
29,500,18.200001,5,,
29,600,18,6,,
29,700,18.1,7,,
29,800,17.200001,8,,
29,900,16.1,9,,
29,1000,15.3,10,,
29,1100,12.9,11,,
29,1200,12.4,12,,
29,1300,12.8,13,,
29,1400,12.8,14,,
29,1500,13.1,15,,
29,1600,12.3,16,,
29,1700,12.3,17,,
29,1800,12.3,18,,
29,1900,12.3,19,,
29,2000,12.2,20,,
29,2100,12.1,21,,
29,2200,12.9,22,,
29,2300,14.1,23,,
30,0,15.1,0,,
30,100,15.9,1,,
30,200,17.200001,2,,
30,300,18.4,3,,
30,400,18.9,4,,
30,500,20.700001,5,,
30,600,19.6,6,,
30,700,19.5,7,,
30,800,19.200001,8,,
30,900,19,9,,
30,1000,18.6,10,,
30,1100,17.4,11,,
30,1200,15.7,12,,
30,1300,14.1,13,,
30,1400,13,14,,
30,1500,12.2,15,,
30,1600,12.1,16,,
30,1700,11.6,17,,
30,1800,11.2,18,,
30,1900,11.1,19,,
30,2000,11.1,20,,
30,2100,11,21,,
30,2200,11,22,,
30,2300,12.5,23,,
31,0,14.1,0,,
31,100,15.7,1,,
31,200,15.5,2,,
31,300,17,3,,
31,400,17.5,4,,
31,500,17.799999,5,,
31,600,17.6,6,,
31,700,17,7,,
31,800,17,8,,
31,900,16.5,9,,
31,1000,15.7,10,,
31,1100,15.3,11,,
31,1200,15,12,,
31,1300,14.2,13,,
31,1400,13.6,14,,
31,1500,13.2,15,,
31,1600,12.4,16,,
31,1700,12.5,17,,
31,1800,12.7,18,,
31,1900,12.1,19,,
31,2000,12,20,,
31,2100,12.1,21,,
31,2200,12.8,22,,
31,2300,13.7,23,,
 Start : 20260401 ,,,0,,
1,0,15.3,0,,
1,100,16.5,1,,
1,200,16.4,2,,
1,300,16,3,,
1,400,16.6,4,,
1,500,16.200001,5,,
1,600,15.4,6,,
1,700,14.4,7,,
1,800,13.9,8,,
1,900,12.7,9,,
1,1000,11,10,,
1,1100,10,11,,
1,1200,9.7,12,,
1,1300,9.3,13,,
1,1400,8.9,14,,
1,1500,8.6,15,,
1,1600,8.4,16,,
1,1700,7.9,17,,
1,1800,7.7,18,,
1,1900,7.3,19,,
1,2000,6.8,20,,
1,2100,7,21,,
1,2200,8.2,22,,
1,2300,9.7,23,,
2,0,11.5,0,,
2,100,13,1,,
2,200,14.8,2,,
2,300,16.1,3,,
2,400,16.6,4,,
2,500,15.7,5,,
2,600,15.6,6,,
2,700,14.3,7,,
2,800,13.1,8,,
2,900,12,9,,
2,1000,11.1,10,,
2,1100,10.2,11,,
2,1200,9.7,12,,
2,1300,8.5,13,,
2,1400,7.4,14,,
2,1500,7,15,,
2,1600,6.9,16,,
2,1700,6.8,17,,
2,1800,7,18,,
2,1900,7.1,19,,
2,2000,7.3,20,,
2,2100,7.5,21,,
2,2200,8.4,22,,
2,2300,10.6,23,,
3,0,13.2,0,,
3,100,15.1,1,,
3,200,17.200001,2,,
3,300,19.299999,3,,
3,400,20.700001,4,,
3,500,20.6,5,,
3,600,20.299999,6,,
3,700,19.799999,7,,
3,800,18.6,8,,
3,900,16.9,9,,
3,1000,16.200001,10,,
3,1100,16,11,,
3,1200,15.6,12,,
3,1300,14.6,13,,
3,1400,14.3,14,,
3,1500,14.5,15,,
3,1600,13.7,16,,
3,1700,13.6,17,,
3,1800,13.5,18,,
3,1900,12.8,19,,
3,2000,12.5,20,,
3,2100,12.2,21,,
3,2200,12,22,,
3,2300,12.7,23,,
4,0,14,0,,
4,100,16.299999,1,,
4,200,17.200001,2,,
4,300,18.700001,3,,
4,400,18.9,4,,
4,500,18.299999,5,,
4,600,17.299999,6,,
4,700,16.299999,7,,
4,800,13.3,8,,
4,900,10.7,9,,
4,1000,9.2,10,,
4,1100,8.4,11,,
4,1200,8.7,12,,
4,1300,8,13,,
4,1400,7.8,14,,
4,1500,7.5,15,,
4,1600,7.3,16,,
4,1700,7.1,17,,
4,1800,6.8,18,,
4,1900,6.5,19,,
4,2000,6.8,20,,
4,2100,7.1,21,,
4,2200,7.5,22,,
4,2300,8,23,,
5,0,9,0,,
5,100,10.8,1,,
5,200,11.4,2,,
5,300,12.9,3,,
5,400,14.3,4,,
5,500,15.6,5,,
5,600,15.5,6,,
5,700,16,7,,
5,800,14.4,8,,
5,900,13,9,,
5,1000,12.6,10,,
5,1100,12.5,11,,
5,1200,11.5,12,,
5,1300,9,13,,
5,1400,8.6,14,,
5,1500,9.2,15,,
5,1600,9.5,16,,
5,1700,9.7,17,,
5,1800,9.7,18,,
5,1900,9.8,19,,
5,2000,9.7,20,,
5,2100,10.4,21,,
5,2200,10.7,22,,
5,2300,11.1,23,,
6,0,11.4,0,,
6,100,10.6,1,,
6,200,10.8,2,,
6,300,11.7,3,,
6,400,12.2,4,,
6,500,12.4,5,,
6,600,13.1,6,,
6,700,13.5,7,,
6,800,13.2,8,,
6,900,12.4,9,,
6,1000,10.4,10,,
6,1100,10,11,,
6,1200,9,12,,
6,1300,8.3,13,,
6,1400,7.9,14,,
6,1500,7.2,15,,
6,1600,7.1,16,,
6,1700,6.5,17,,
6,1800,6.3,18,,
6,1900,5.5,19,,
6,2000,4.9,20,,
6,2100,5.3,21,,
6,2200,7.2,22,,
6,2300,7.8,23,,
7,0,9.4,0,,
7,100,10.2,1,,
7,200,11.1,2,,
7,300,11.9,3,,
7,400,12,4,,
7,500,12.1,5,,
7,600,10.8,6,,
7,700,11.2,7,,
7,800,9.9,8,,
7,900,8.3,9,,
7,1000,7.4,10,,
7,1100,6.9,11,,
7,1200,6.7,12,,
7,1300,6.6,13,,
7,1400,6.4,14,,
7,1500,6.2,15,,
7,1600,5.6,16,,
7,1700,5.4,17,,
7,1800,5,18,,
7,1900,4.7,19,,
7,2000,4.4,20,,
7,2100,4.9,21,,
7,2200,6.4,22,,
7,2300,8,23,,
8,0,9.6,0,,
8,100,11.2,1,,
8,200,12.7,2,,
8,300,13.3,3,,
8,400,13.2,4,,
8,500,15.4,5,,
8,600,15.2,6,,
8,700,14.8,7,,
8,800,13.9,8,,
8,900,13.2,9,,
8,1000,12.7,10,,
8,1100,11.5,11,,
8,1200,10.4,12,,
8,1300,10.2,13,,
8,1400,9.5,14,,
8,1500,9.1,15,,
8,1600,9.9,16,,
8,1700,10.3,17,,
8,1800,10.2,18,,
8,1900,10.6,19,,
8,2000,11,20,,
8,2100,11.2,21,,
8,2200,12.2,22,,
8,2300,12,23,,
9,0,11.4,0,,
9,100,11.3,1,,
9,200,9.8,2,,
9,300,9.1,3,,
9,400,8.9,4,,
9,500,9.4,5,,
9,600,10.1,6,,
9,700,10.9,7,,
9,800,11.2,8,,
9,900,11.7,9,,
9,1000,12.3,10,,
9,1100,12.3,11,,
9,1200,12.5,12,,
9,1300,13.2,13,,
9,1400,13,14,,
9,1500,12.4,15,,
9,1600,12,16,,
9,1700,11.6,17,,
9,1800,11.3,18,,
9,1900,10.9,19,,
9,2000,10.3,20,,
9,2100,9.6,21,,
9,2200,9.3,22,,
9,2300,9.5,23,,
10,0,9.1,0,,
10,100,8.8,1,,
10,200,8.8,2,,
10,300,9,3,,
10,400,9.6,4,,
10,500,10.1,5,,
10,600,10.1,6,,
10,700,9.8,7,,
10,800,9.3,8,,
10,900,9,9,,
10,1000,9,10,,
10,1100,8.9,11,,
10,1200,8.6,12,,
10,1300,8.3,13,,
10,1400,8.3,14,,
10,1500,8,15,,
10,1600,7.9,16,,
10,1700,7.9,17,,
10,1800,8.1,18,,
10,1900,8.1,19,,
10,2000,8.1,20,,
10,2100,8.2,21,,
10,2200,8.5,22,,
10,2300,9.1,23,,
11,0,9.8,0,,
11,100,10.7,1,,
11,200,12.5,2,,
11,300,14.4,3,,
11,400,13,4,,
11,500,13.8,5,,
11,600,14,6,,
11,700,14.3,7,,
11,800,12.7,8,,
11,900,11.7,9,,
11,1000,10.4,10,,
11,1100,8.9,11,,
11,1200,8.5,12,,
11,1300,8.5,13,,
11,1400,8.2,14,,
11,1500,7.8,15,,
11,1600,7.3,16,,
11,1700,6.9,17,,
11,1800,6.5,18,,
11,1900,6.3,19,,
11,2000,6.1,20,,
11,2100,5.7,21,,
11,2200,7.8,22,,
11,2300,11.4,23,,
12,0,13.5,0,,
12,100,15.7,1,,
12,200,18.4,2,,
12,300,20.700001,3,,
12,400,21.9,4,,
12,500,23.299999,5,,
12,600,22.799999,6,,
12,700,22.700001,7,,
12,800,20.1,8,,
12,900,18.9,9,,
12,1000,17.4,10,,
12,1100,16.299999,11,,
12,1200,15.6,12,,
12,1300,14.7,13,,
12,1400,13.7,14,,
12,1500,13.3,15,,
12,1600,12.3,16,,
12,1700,11.4,17,,
12,1800,11,18,,
12,1900,10.7,19,,
12,2000,10.1,20,,
12,2100,10.7,21,,
12,2200,12.9,22,,
12,2300,15.2,23,,
13,0,17.700001,0,,
13,100,19.700001,1,,
13,200,22.1,2,,
13,300,23.799999,3,,
13,400,26.1,4,,
13,500,26.299999,5,,
13,600,26,6,,
13,700,25.5,7,,
13,800,24.6,8,,
13,900,23.799999,9,,
13,1000,22.5,10,,
13,1100,21,11,,
13,1200,20.299999,12,,
13,1300,18.4,13,,
13,1400,17.4,14,,
13,1500,17.1,15,,
13,1600,17.1,16,,
13,1700,16.700001,17,,
13,1800,16.5,18,,
13,1900,16,19,,
13,2000,15.4,20,,
13,2100,15.3,21,,
13,2200,17.5,22,,
13,2300,19.1,23,,
14,0,21.5,0,,
14,100,22.799999,1,,
14,200,24.5,2,,
14,300,25.4,3,,
14,400,26.4,4,,
14,500,27.5,5,,
14,600,27,6,,
14,700,26.299999,7,,
14,800,24.6,8,,
14,900,22.9,9,,
14,1000,21.5,10,,
14,1100,20,11,,
14,1200,18.799999,12,,
14,1300,18,13,,
14,1400,17.299999,14,,
14,1500,16.4,15,,
14,1600,15.8,16,,
14,1700,15.4,17,,
14,1800,15.5,18,,
14,1900,15,19,,
14,2000,14.7,20,,
14,2100,14.1,21,,
14,2200,16.6,22,,
14,2300,18.799999,23,,
15,0,20.6,0,,
15,100,22.1,1,,
15,200,23,2,,
15,300,23.9,3,,
15,400,25.1,4,,
15,500,24.6,5,,
15,600,24.9,6,,
15,700,24.5,7,,
15,800,21.5,8,,
15,900,20.4,9,,
15,1000,19.4,10,,
15,1100,18.9,11,,
15,1200,18.5,12,,
15,1300,17.9,13,,
15,1400,18.1,14,,
15,1500,18.1,15,,
15,1600,16.9,16,,
15,1700,15.5,17,,
15,1800,14.8,18,,
15,1900,14.3,19,,
15,2000,13.8,20,,
15,2100,14.1,21,,
15,2200,15.6,22,,
15,2300,18.200001,23,,
16,0,20.5,0,,
16,100,22,1,,
16,200,23.799999,2,,
16,300,25.6,3,,
16,400,25.6,4,,
16,500,27.1,5,,
16,600,27,6,,
16,700,24.5,7,,
16,800,23.4,8,,
16,900,22,9,,
16,1000,21.6,10,,
16,1100,21.299999,11,,
16,1200,20.1,12,,
16,1300,19.5,13,,
16,1400,19.6,14,,
16,1500,18.4,15,,
16,1600,17.700001,16,,
16,1700,17.5,17,,
16,1800,17.5,18,,
16,1900,16.1,19,,
16,2000,15.2,20,,
16,2100,15.9,21,,
16,2200,15.9,22,,
16,2300,16.799999,23,,
17,0,16.700001,0,,
17,100,17.6,1,,
17,200,18.1,2,,
17,300,19.299999,3,,
17,400,20.1,4,,
17,500,19.1,5,,
17,600,18.799999,6,,
17,700,18.4,7,,
17,800,18.1,8,,
17,900,17.1,9,,
17,1000,15.7,10,,
17,1100,14.5,11,,
17,1200,14.2,12,,
17,1300,13.8,13,,
17,1400,13.7,14,,
17,1500,13.2,15,,
17,1600,12.8,16,,
17,1700,12.5,17,,
17,1800,12.1,18,,
17,1900,11.6,19,,
17,2000,11.5,20,,
17,2100,12,21,,
17,2200,14.7,22,,
17,2300,16.5,23,,
18,0,18.9,0,,
18,100,20.6,1,,
18,200,21.6,2,,
18,300,23.4,3,,
18,400,25.200001,4,,
18,500,26.200001,5,,
18,600,27,6,,
18,700,25.5,7,,
18,800,24.1,8,,
18,900,23.5,9,,
18,1000,21,10,,
18,1100,19.6,11,,
18,1200,18.700001,12,,
18,1300,18.1,13,,
18,1400,17.200001,14,,
18,1500,17,15,,
18,1600,16.5,16,,
18,1700,16.200001,17,,
18,1800,15.3,18,,
18,1900,14.9,19,,
18,2000,14.9,20,,
18,2100,15.1,21,,
18,2200,16.700001,22,,
18,2300,19.799999,23,,
19,0,22.4,0,,
19,100,25.4,1,,
19,200,26.4,2,,
19,300,28.299999,3,,
19,400,26.799999,4,,
19,500,27.799999,5,,
19,600,27.200001,6,,
19,700,26.4,7,,
19,800,25.299999,8,,
19,900,24.299999,9,,
19,1000,22.1,10,,
19,1100,20.299999,11,,
19,1200,19.5,12,,
19,1300,16.4,13,,
19,1400,15.9,14,,
19,1500,15.7,15,,
19,1600,15.1,16,,
19,1700,14.3,17,,
19,1800,14.1,18,,
19,1900,14,19,,
19,2000,14.2,20,,
19,2100,14.2,21,,
19,2200,14.6,22,,
19,2300,15.3,23,,
20,0,15.8,0,,
20,100,17.1,1,,
20,200,15.5,2,,
20,300,14.1,3,,
20,400,12.4,4,,
20,500,11.7,5,,
20,600,13,6,,
20,700,14.2,7,,
20,800,13.7,8,,
20,900,12.6,9,,
20,1000,11.7,10,,
20,1100,11.1,11,,
20,1200,10.5,12,,
20,1300,10.1,13,,
20,1400,9.6,14,,
20,1500,9.1,15,,
20,1600,8.1,16,,
20,1700,7.2,17,,
20,1800,6.7,18,,
20,1900,6.4,19,,
20,2000,6.3,20,,
20,2100,6.7,21,,
20,2200,9.1,22,,
20,2300,10.8,23,,
21,0,13.2,0,,
21,100,14.9,1,,
21,200,16,2,,
21,300,16,3,,
21,400,17.5,4,,
21,500,16.9,5,,
21,600,16,6,,
21,700,14,7,,
21,800,13.5,8,,
21,900,12.8,9,,
21,1000,12.1,10,,
21,1100,11.3,11,,
21,1200,11.1,12,,
21,1300,11,13,,
21,1400,10.9,14,,
21,1500,10.8,15,,
21,1600,10.7,16,,
21,1700,10.7,17,,
21,1800,10.8,18,,
21,1900,11,19,,
21,2000,10.9,20,,
21,2100,11.1,21,,
21,2200,12,22,,
21,2300,13.1,23,,
22,0,14.7,0,,
22,100,15.2,1,,
22,200,17.200001,2,,
22,300,17.4,3,,
22,400,19.1,4,,
22,500,19.6,5,,
22,600,19.299999,6,,
22,700,18.700001,7,,
22,800,17.700001,8,,
22,900,16.6,9,,
22,1000,15.5,10,,
22,1100,14.8,11,,
22,1200,13.8,12,,
22,1300,14,13,,
22,1400,13.7,14,,
22,1500,13.7,15,,
22,1600,13.7,16,,
22,1700,13.3,17,,
22,1800,12.6,18,,
22,1900,12.3,19,,
22,2000,12.2,20,,
22,2100,12.9,21,,
22,2200,13.9,22,,
22,2300,15.5,23,,
23,0,16.9,0,,
23,100,18,1,,
23,200,20.4,2,,
23,300,21.6,3,,
23,400,22.9,4,,
23,500,23.200001,5,,
23,600,23.299999,6,,
23,700,22.799999,7,,
23,800,22,8,,
23,900,21.4,9,,
23,1000,20.299999,10,,
23,1100,19.200001,11,,
23,1200,18,12,,
23,1300,17.4,13,,
23,1400,16.200001,14,,
23,1500,15.4,15,,
23,1600,14.4,16,,
23,1700,14.3,17,,
23,1800,13.8,18,,
23,1900,12.3,19,,
23,2000,11.8,20,,
23,2100,12.7,21,,
23,2200,14.4,22,,
23,2300,16.1,23,,
24,0,18.700001,0,,
24,100,20.4,1,,
24,200,22.200001,2,,
24,300,22.5,3,,
24,400,24.299999,4,,
24,500,25.6,5,,
24,600,25.299999,6,,
24,700,24.799999,7,,
24,800,23.799999,8,,
24,900,21.799999,9,,
24,1000,20.299999,10,,
24,1100,18.6,11,,
24,1200,17.6,12,,
24,1300,17.1,13,,
24,1400,15.6,14,,
24,1500,14.8,15,,
24,1600,14,16,,
24,1700,13.2,17,,
24,1800,12.7,18,,
24,1900,12.1,19,,
24,2000,11.7,20,,
24,2100,12.5,21,,
24,2200,15,22,,
24,2300,17.799999,23,,
25,0,19.700001,0,,
25,100,22.299999,1,,
25,200,23,2,,
25,300,23.9,3,,
25,400,24.799999,4,,
25,500,25.1,5,,
25,600,25,6,,
25,700,23.799999,7,,
25,800,22.799999,8,,
25,900,20.700001,9,,
25,1000,19.9,10,,
25,1100,19.200001,11,,
25,1200,18.4,12,,
25,1300,16.700001,13,,
25,1400,15.8,14,,
25,1500,15.1,15,,
25,1600,14.3,16,,
25,1700,13.2,17,,
25,1800,13.2,18,,
25,1900,12.9,19,,
25,2000,12.4,20,,
25,2100,13.3,21,,
25,2200,15.9,22,,
25,2300,18,23,,
26,0,20.1,0,,
26,100,21.299999,1,,
26,200,22,2,,
26,300,23,3,,
26,400,23.9,4,,
26,500,24,5,,
26,600,22.299999,6,,
26,700,22,7,,
26,800,21,8,,
26,900,19.700001,9,,
26,1000,18.700001,10,,
26,1100,17.700001,11,,
26,1200,17.200001,12,,
26,1300,16.6,13,,
26,1400,16.1,14,,
26,1500,15.4,15,,
26,1600,14.5,16,,
26,1700,14.4,17,,
26,1800,14,18,,
26,1900,13.9,19,,
26,2000,13.7,20,,
26,2100,13.9,21,,
26,2200,14.6,22,,
26,2300,17.1,23,,
27,0,19.5,0,,
27,100,20.200001,1,,
27,200,21.1,2,,
27,300,19.5,3,,
27,400,19.299999,4,,
27,500,17.9,5,,
27,600,18.200001,6,,
27,700,17.799999,7,,
27,800,13.7,8,,
27,900,13.1,9,,
27,1000,13.9,10,,
27,1100,12.9,11,,
27,1200,12.3,12,,
27,1300,12.6,13,,
27,1400,13.1,14,,
27,1500,14,15,,
27,1600,13.2,16,,
27,1700,11.4,17,,
27,1800,10.9,18,,
27,1900,10.3,19,,
27,2000,11.1,20,,
27,2100,11.4,21,,
27,2200,11.5,22,,
27,2300,11.9,23,,
28,0,13.1,0,,
28,100,13.7,1,,
28,200,14,2,,
28,300,14.2,3,,
28,400,16.1,4,,
28,500,15.9,5,,
28,600,14.9,6,,
28,700,14.6,7,,
28,800,14.4,8,,
28,900,13.7,9,,
28,1000,12.9,10,,
28,1100,12.4,11,,
28,1200,12.3,12,,
28,1300,12.4,13,,
28,1400,11.8,14,,
28,1500,11.2,15,,
28,1600,11,16,,
28,1700,10.3,17,,
28,1800,10.2,18,,
28,1900,9.9,19,,
28,2000,9.8,20,,
28,2100,11.5,21,,
28,2200,12.7,22,,
28,2300,14.3,23,,
29,0,15.2,0,,
29,100,17.799999,1,,
29,200,17.299999,2,,
29,300,18.700001,3,,
29,400,19.5,4,,
29,500,19.799999,5,,
29,600,20.9,6,,
29,700,19.299999,7,,
29,800,18,8,,
29,900,16.299999,9,,
29,1000,15.3,10,,
29,1100,14.3,11,,
29,1200,14.1,12,,
29,1300,13.8,13,,
29,1400,13.4,14,,
29,1500,13,15,,
29,1600,12.9,16,,
29,1700,12.4,17,,
29,1800,12,18,,
29,1900,11.8,19,,
29,2000,11.4,20,,
29,2100,12.1,21,,
29,2200,14.3,22,,
29,2300,17,23,,
30,0,18.200001,0,,
30,100,19.299999,1,,
30,200,22.1,2,,
30,300,21.1,3,,
30,400,21.6,4,,
30,500,21.5,5,,
30,600,21.5,6,,
30,700,20.9,7,,
30,800,20.200001,8,,
30,900,18.299999,9,,
30,1000,17.4,10,,
30,1100,17,11,,
30,1200,16.799999,12,,
30,1300,16.299999,13,,
30,1400,16.1,14,,
30,1500,15.4,15,,
30,1600,15,16,,
30,1700,15,17,,
30,1800,14.2,18,,
30,1900,14.1,19,,
30,2000,13.2,20,,
30,2100,13.1,21,,
30,2200,13.3,22,,
30,2300,16.299999,23,,
 ,,,,,
